{"stats":{"minecraft:picked_up":{"minecraft:crafting_table":3,"minecraft:coarse_dirt":2,"minecraft:rotten_flesh":1,"minecraft:stone_axe":1,"minecraft:spruce_planks":17,"minecraft:spruce_log":27,"minecraft:dirt":15,"minecraft:cobblestone":5},"minecraft:mined":{"minecraft:podzol":6,"minecraft:coarse_dirt":1,"minecraft:spruce_planks":6,"minecraft:dirt":6,"minecraft:spruce_leaves":4,"minecraft:spruce_log":16,"minecraft:stone":4,"minecraft:fern":1,"minecraft:crafting_table":2},"minecraft:crafted":{"minecraft:stone_axe":1,"minecraft:crafting_table":1,"minecraft:spruce_planks":20,"minecraft:stick":4,"minecraft:wooden_pickaxe":1},"minecraft:custom":{"minecraft:time_since_rest":19098,"minecraft:crouch_one_cm":310,"minecraft:play_time":29466,"minecraft:sprint_one_cm":28465,"minecraft:deaths":1,"minecraft:damage_taken":145,"minecraft:walk_one_cm":20471,"minecraft:sneak_time":181,"minecraft:mob_kills":1,"minecraft:jump":120,"minecraft:leave_game":1,"minecraft:damage_dealt":44,"minecraft:time_since_death":19074,"minecraft:total_world_time":29466,"minecraft:fall_one_cm":3712,"minecraft:interact_with_crafting_table":2,"minecraft:fly_one_cm":14390},"minecraft:used":{"minecraft:rotten_flesh":1,"minecraft:stone_axe":26,"minecraft:dirt":5,"minecraft:crafting_table":2,"minecraft:spruce_planks":6,"minecraft:wooden_pickaxe":5}},"DataVersion":3839}